"Issuer","Created .. Ago","From","To","Reward","Volume","Collateral","Check Status","Rush"
Linda Daracan,4 days,E3OI-U - Mothership Bellicose,Jita IV - Moon 4 - Caldari Navy Assembly Plant,"20,000,000","3,190","3,819,134,675",OK,No
Darcey Archelous,3 days,K7D-II - BANESTAR 2.0,Amarr VIII (Oris) - Emperor Family Academy,"103,000,000","227,692","3,746,780,220",OK,No
3xt3nd3d Shihari,3 days,FDZ4-A IX - Moon 6 - Society of Conscious Thought School,Jita IV - Moon 4 - Caldari Navy Assembly Plant,"100,000,000","30,147","18,825,909,781",No route found,No
Juki Serger,3 days,Jita IV - Moon 4 - Caldari Navy Assembly Plant,E3OI-U - Mothership Bellicose,"300,000,000","237,440","12,000,000,000",OK,No
Varaton Rajukalu,3 days,E3OI-U - Mothership Bellicose,UALX-3 - 1st Goonstantinople,"219,000,000","350,000","2,820,920,000",No route found,No
Varaton Rajukalu,3 days,E3OI-U - Mothership Bellicose,UALX-3 - 1st Goonstantinople,"148,000,000","235,915","4,553,323,151",No route found,No
Mirthaner Visteen,3 days,E3OI-U - Mothership Bellicose,UALX-3 - 1st Goonstantinople,"215,000,000","342,741","4,749,992,792",No route found,No
Chris Rocko,3 days,E3OI-U - Mothership Bellicose,Keberz - Empire Reforged,"93,000,000","264,470","3,776,507,105",OK,No
Amadriana Temikauta,3 days,E3OI-U - Mothership Bellicose,UALX-3 - 1st Goonstantinople,"162,000,000","258,750","3,010,353,400",No route found,No
DOCTOR MINDBENDER,3 days,E3OI-U - Mothership Bellicose,UALX-3 - 1st Goonstantinople,"211,000,000","336,597","4,088,678,348",No route found,No
Ghaelmash Hakaari,3 days,E3OI-U - Mothership Bellicose,UALX-3 - 1st Goonstantinople,"212,000,000","339,109","7,552,411,257",No route found,No
DOCTOR MINDBENDER,3 days,E3OI-U - Mothership Bellicose,UALX-3 - 1st Goonstantinople,"218,000,000","348,285","2,814,884,948",No route found,No
DOCTOR MINDBENDER,3 days,E3OI-U - Mothership Bellicose,UALX-3 - 1st Goonstantinople,"206,000,000","328,728","1,529,064,310",No route found,No
Mirthaner Visteen,3 days,E3OI-U - Mothership Bellicose,UALX-3 - 1st Goonstantinople,"210,000,000","334,451","14,784,035,505",No route found,No
Proposition MJ,2 days,E3OI-U - Mothership Bellicose,Amarr VIII (Oris) - Emperor Family Academy,"193,000,000","346,694","15,000,000,000",No route found,No
GiggMaster,2 days,K7D-II - BANESTAR 2.0,Amarr VIII (Oris) - Emperor Family Academy,"157,000,000","348,236","1,857,443,053",OK,No
Ging Indy,2 days,E3OI-U - Mothership Bellicose,UALX-3 - 1st Goonstantinople,"199,000,000","208,728","18,069,882,364",No route found,No
Behebe,2 days,E3OI-U - Mothership Bellicose,UALX-3 - 1st Goonstantinople,"200,000,000","209,350","25,000,000,000",No route found,No
Ethan Chanlin,2 days,K-L690 - Exo's Anime Arcade,UALX-3 - 1st Goonstantinople,"223,000,000","262,250","3,657,067,650",No route found,No
Ethan Chanlin,2 days,K-L690 - Exo's Anime Arcade,UALX-3 - 1st Goonstantinople,"119,000,000","139,396","8,479,590,566",No route found,No
Ronin Pagan,2 days,K-L690 - Exo's Anime Arcade,UALX-3 - 1st Goonstantinople,"199,000,000","250,000","17,292,257,820",No route found,No
Baltazar V,2 days,E3OI-U - Mothership Bellicose,UALX-3 - 1st Goonstantinople,"331,000,000","347,510","7,451,246,309",No route found,No
Ghaelmash Hakaari,2 days,E3OI-U - Mothership Bellicose,UALX-3 - 1st Goonstantinople,"327,000,000","344,129","491,906,095",No route found,No
Ghaelmash Hakaari,2 days,E3OI-U - Mothership Bellicose,UALX-3 - 1st Goonstantinople,"316,000,000","332,250","6,835,110,800",No route found,No
Ghaelmash Hakaari,2 days,E3OI-U - Mothership Bellicose,UALX-3 - 1st Goonstantinople,"331,000,000","347,500","3,304,120,000",No route found,No
Ghaelmash Hakaari,2 days,E3OI-U - Mothership Bellicose,UALX-3 - 1st Goonstantinople,"318,000,000","333,750","1,922,600,800",No route found,No
Doniition,2 days,E3OI-U - Mothership Bellicose,UALX-3 - 1st Goonstantinople,"240,000,000","252,244","15,579,948,106",No route found,No
Rake Kandelin,2 days,E3OI-U - Mothership Bellicose,UALX-3 - 1st Goonstantinople,"123,000,000","128,486","705,087,090",No route found,No
Nero Valius,2 days,E3OI-U - Mothership Bellicose,UALX-3 - 1st Goonstantinople,"119,000,000","125,000","3,000,000,000",No route found,No
Ramman K'arojic,2 days,E3OI-U - Mothership Bellicose,UALX-3 - 1st Goonstantinople,"333,300,000","345,000",0,No route found,No
Ramman K'arojic,2 days,E3OI-U - Mothership Bellicose,UALX-3 - 1st Goonstantinople,"333,300,000","345,000","1,000,000",No route found,No
Kerl Bits,2 days,E3OI-U - Mothership Bellicose,UALX-3 - 1st Goonstantinople,"315,000,000","331,250","5,376,820,000",No route found,No
Johnny Locke,2 days,E3OI-U - Mothership Bellicose,Amarr VIII (Oris) - Emperor Family Academy,"165,000,000","300,000","5,381,700,000",No route found,No
Darkness Hawk,2 days,E3OI-U - Mothership Bellicose,UALX-3 - 1st Goonstantinople,"314,000,000","329,547","1,114,712,745",No route found,No
Johnny Locke,2 days,E3OI-U - Mothership Bellicose,Amarr VIII (Oris) - Emperor Family Academy,"165,000,000","300,000","3,508,640,000",No route found,No
Johnny Locke,2 days,E3OI-U - Mothership Bellicose,Amarr VIII (Oris) - Emperor Family Academy,"165,000,000","300,000","3,688,600,000",No route found,No
Johnny Locke,2 days,E3OI-U - Mothership Bellicose,Amarr VIII (Oris) - Emperor Family Academy,"165,000,000","300,000","2,198,800,000",No route found,No
Johnny Locke,2 days,E3OI-U - Mothership Bellicose,Amarr VIII (Oris) - Emperor Family Academy,"165,000,000","300,000","3,658,400,000",No route found,No
Johnny Locke,2 days,E3OI-U - Mothership Bellicose,Amarr VIII (Oris) - Emperor Family Academy,"193,000,000","349,998","4,718,736,120",No route found,No
Johnny Locke,2 days,E3OI-U - Mothership Bellicose,Amarr VIII (Oris) - Emperor Family Academy,"193,000,000","349,859","4,925,441,950",No route found,No
Johnny Locke,2 days,E3OI-U - Mothership Bellicose,Amarr VIII (Oris) - Emperor Family Academy,"193,000,000","349,216","9,083,260,980",No route found,No
Johnny Locke,2 days,E3OI-U - Mothership Bellicose,Amarr VIII (Oris) - Emperor Family Academy,"193,000,000","349,328","5,437,912,523",No route found,No
Johnny Locke,2 days,E3OI-U - Mothership Bellicose,Amarr VIII (Oris) - Emperor Family Academy,"193,000,000","349,918","3,133,653,564",No route found,No
Johnny Locke,2 days,E3OI-U - Mothership Bellicose,Amarr VIII (Oris) - Emperor Family Academy,"193,000,000","349,587","5,093,664,156",No route found,No
Johnny Locke,2 days,E3OI-U - Mothership Bellicose,Amarr VIII (Oris) - Emperor Family Academy,"193,000,000","349,994","3,729,520,670",No route found,No
Johnny Locke,2 days,E3OI-U - Mothership Bellicose,Amarr VIII (Oris) - Emperor Family Academy,"193,000,000","349,836","11,565,832,532",No route found,No
Johnny Locke,2 days,E3OI-U - Mothership Bellicose,Amarr VIII (Oris) - Emperor Family Academy,"193,000,000","349,842","6,221,468,788",No route found,No
Johnny Locke,2 days,E3OI-U - Mothership Bellicose,Amarr VIII (Oris) - Emperor Family Academy,"193,000,000","349,917","11,083,589,020",No route found,No
Johnny Locke,2 days,E3OI-U - Mothership Bellicose,Amarr VIII (Oris) - Emperor Family Academy,"176,000,000","319,506","11,858,705,073",No route found,No
Johnny Locke,2 days,E3OI-U - Mothership Bellicose,Amarr VIII (Oris) - Emperor Family Academy,"193,000,000","349,999","1,135,986,221",No route found,No
Cmores,2 days,E3OI-U - Mothership Bellicose,UALX-3 - 1st Goonstantinople,"331,000,000","347,500","3,328,650,000",No route found,No
Kamlar Teuub,2 days,E3OI-U - Mothership Bellicose,UALX-3 - 1st Goonstantinople,"196,000,000","207,780","146,746,600",No route found,No
Pharter McBeans,2 days,K-L690 - Exo's Anime Arcade,UALX-3 - 1st Goonstantinople,"175,000,000","205,000","883,390,000",No route found,No
Pharter McBeans,2 days,K-L690 - Exo's Anime Arcade,UALX-3 - 1st Goonstantinople,"105,000,000","122,841","7,326,414,711",No route found,No
Pharter McBeans,2 days,K-L690 - Exo's Anime Arcade,UALX-3 - 1st Goonstantinople,"152,000,000","178,620","10,549,194,435",No route found,No
Kerl Bits,2 days,E3OI-U - Mothership Bellicose,UALX-3 - 1st Goonstantinople,"328,000,000","344,933","17,478,384,170",No route found,No
Kerl Bits,2 days,E3OI-U - Mothership Bellicose,UALX-3 - 1st Goonstantinople,"331,000,000","347,585","6,935,501,243",No route found,No
Grayclay,2 days,K-L690 - Exo's Anime Arcade,UALX-3 - 1st Goonstantinople,"77,000,000","89,897","3,400,000,000",No route found,No
Shen Hasagi,2 days,E3OI-U - Mothership Bellicose,Amarr VIII (Oris) - Emperor Family Academy,"193,000,000","350,000","4,021,500,000",No route found,No
Shen Hasagi,2 days,E3OI-U - Mothership Bellicose,Amarr VIII (Oris) - Emperor Family Academy,"170,000,000","308,150","6,816,219,000",No route found,No
Bomba Arkaral,2 days,E3OI-U - Mothership Bellicose,UALX-3 - 1st Goonstantinople,"235,000,000","247,262","7,138,107,368",No route found,No
FireStarter Aideron,1 day,E3OI-U - Mothership Bellicose,UALX-3 - 1st Goonstantinople,"318,000,000","334,114","15,138,550,705",No route found,No
FireStarter Aideron,1 day,E3OI-U - Mothership Bellicose,UALX-3 - 1st Goonstantinople,"318,000,000","344,369","15,138,550,705",No route found,No
Proposition MJ,1 day,E3OI-U - Mothership Bellicose,Amarr VIII (Oris) - Emperor Family Academy,"193,690,000","350,000","4,069,069,069",No route found,No
Proposition MJ,1 day,E3OI-U - Mothership Bellicose,Amarr VIII (Oris) - Emperor Family Academy,"193,069,069","304,301","3,690,690,690",No route found,No
Michel VanderWeide,1 day,B-7DFU - I GAVE MY RIGHT KIDNEY FOR THIS,49-U6U - ZhongLi Star,"100,000,000","303,000","5,500,000,000",No route found,No
Michel VanderWeide,1 day,B-7DFU - I GAVE MY RIGHT KIDNEY FOR THIS,49-U6U - ZhongLi Star,"100,000,000","332,000","1,200,000,000",No route found,No
Michel VanderWeide,1 day,B-7DFU - I GAVE MY RIGHT KIDNEY FOR THIS,49-U6U - ZhongLi Star,"100,000,000","180,507","6,600,000,000",No route found,No
3xt3nd3d Shihari,1 day,Jita IV - Moon 4 - Caldari Navy Assembly Plant,FDZ4-A IX - Moon 6 - Society of Conscious Thought School,"60,000,000","108,547","411,087,950",No route found,No
Pete Bradshaw,19 hours,K7D-II - BANESTAR 2.0,Amarr VIII (Oris) - Emperor Family Academy,"154,000,000","341,250","1,839,000,000",OK,No
Talisman Autumn,15 hours,E3OI-U - Mothership Bellicose,UALX-3 - 1st Goonstantinople,"265,000,000","278,286","1,514,289,769",OK,No
Castle Velekai,15 hours,E3OI-U - Mothership Bellicose,UALX-3 - 1st Goonstantinople,"216,000,000","226,700","7,030,084,000",OK,No
Castle Velekai,15 hours,E3OI-U - Mothership Bellicose,UALX-3 - 1st Goonstantinople,"316,000,000","332,500","1,102,125,000",OK,No
Castle Velekai,15 hours,E3OI-U - Mothership Bellicose,UALX-3 - 1st Goonstantinople,"316,000,000","332,500","1,062,600,000",OK,No
Castle Velekai,15 hours,E3OI-U - Mothership Bellicose,UALX-3 - 1st Goonstantinople,"305,000,000","320,683","1,161,806,053",OK,No
Castle Velekai,15 hours,E3OI-U - Mothership Bellicose,UALX-3 - 1st Goonstantinople,"299,000,000","313,958","1,129,064,044",OK,No
Castle Velekai,15 hours,E3OI-U - Mothership Bellicose,UALX-3 - 1st Goonstantinople,"330,000,000","346,627","1,118,539,886",OK,No
Castle Velekai,14 hours,E3OI-U - Mothership Bellicose,UALX-3 - 1st Goonstantinople,"98,000,000","102,500","796,212,000",OK,No
Aerer Vyvorant,14 hours,E3OI-U - Mothership Bellicose,UALX-3 - 1st Goonstantinople,"322,000,000","338,750","4,800,000,000",OK,No
Aerer Vyvorant,14 hours,E3OI-U - Mothership Bellicose,UALX-3 - 1st Goonstantinople,"333,000,000","350,000","2,430,000,000",OK,No
Ghaelmash Hakaari,12 hours,E3OI-U - Mothership Bellicose,UALX-3 - 1st Goonstantinople,"274,000,000","287,423","8,887,493,835",OK,No
Chris Rocko,10 hours,E3OI-U - Mothership Bellicose,UALX-3 - 1st Goonstantinople,"5,000,000",5,"2,000,000,000",OK,No
Chris Rocko,10 hours,E3OI-U - Mothership Bellicose,UALX-3 - 1st Goonstantinople,"5,000,000",4,"2,967,541,218",OK,No
Chris Rocko,10 hours,E3OI-U - Mothership Bellicose,UALX-3 - 1st Goonstantinople,"5,000,000",5,"2,500,000,000",OK,No
Bameru Naeharra,9 hours,E3OI-U - Mothership Bellicose,UALX-3 - 1st Goonstantinople,"318,000,000","333,750","6,800,000,000",OK,No
Chris Rocko,9 hours,E3OI-U - Mothership Bellicose,UALX-3 - 1st Goonstantinople,"5,000,000",4,"1,000,000,000",OK,No
Chris Rocko,9 hours,E3OI-U - Mothership Bellicose,UALX-3 - 1st Goonstantinople,"5,000,000",5,"1,000,000,000",OK,No
Chris Rocko,8 hours,E3OI-U - Mothership Bellicose,UALX-3 - 1st Goonstantinople,"5,000,000",4,"1,000,000,000",OK,No
Chris Rocko,8 hours,E3OI-U - Mothership Bellicose,UALX-3 - 1st Goonstantinople,"5,000,000",4,"1,000,000,000",OK,No
Chris Rocko,8 hours,E3OI-U - Mothership Bellicose,UALX-3 - 1st Goonstantinople,"5,000,000",4,"500,000,000",OK,No
Chris Rocko,8 hours,E3OI-U - Mothership Bellicose,UALX-3 - 1st Goonstantinople,"5,000,000",4,"500,000,000",OK,No
Aidan Pollard,8 hours,E3OI-U - Mothership Bellicose,UALX-3 - 1st Goonstantinople,"127,000,000","132,941","2,508,109,400",OK,No
El Madroga,7 hours,E3OI-U - Mothership Bellicose,UALX-3 - 1st Goonstantinople,"143,000,000","150,494","584,498,439",OK,No
Chris Rocko,7 hours,E3OI-U - Mothership Bellicose,UALX-3 - 1st Goonstantinople,"30,000,000",1,"30,000,000,000",OK,No
Steff 115,7 hours,E3OI-U - Mothership Bellicose,UALX-3 - 1st Goonstantinople,"118,000,000","123,757","4,395,967,599",OK,No
meat Shaishi,6 hours,E3OI-U - Mothership Bellicose,UALX-3 - 1st Goonstantinople,"20,000,000","20,025","460,624,440",OK,No
Zogall,6 hours,E3OI-U - Mothership Bellicose,UALX-3 - 1st Goonstantinople,"21,000,000","21,493","1,068,071,753",OK,No
s monarca,4 hours,E3OI-U - Mothership Bellicose,UALX-3 - 1st Goonstantinople,"294,000,000","308,582","2,088,880,283",OK,No
s monarca,4 hours,E3OI-U - Mothership Bellicose,UALX-3 - 1st Goonstantinople,"317,000,000","333,477","3,847,346,884",OK,No
s monarca,4 hours,E3OI-U - Mothership Bellicose,UALX-3 - 1st Goonstantinople,"311,000,000","326,923","3,005,737,038",OK,No
Marc Johnson,3 hours,E3OI-U - Mothership Bellicose,UALX-3 - 1st Goonstantinople,"266,000,000","280,000","3,868,610,000",OK,No
Marc Johnson,3 hours,E3OI-U - Mothership Bellicose,UALX-3 - 1st Goonstantinople,"67,000,000","70,000","663,090,000",OK,No
Zaery Zenn,2 hours,K7D-II - BANESTAR 2.0,E3OI-U - Mothership Bellicose,"75,000,000","336,306","1,000,000,000",OK,No
Michel VanderWeide,2 hours,E3OI-U - Mothership Bellicose,UALX-3 - 1st Goonstantinople,"250,000,000","170,752","3,335,000,000",OK,No
Druss Van,2 hours,E3OI-U - Mothership Bellicose,UALX-3 - McManfist Backupstar,"331,000,000","348,358","9,372,030,090",OK,No
Michel VanderWeide,2 hours,B-7DFU - FLIE HQ,UALX-3 - 1st Goonstantinople,"200,000,000","36,294","1,000,000,000",No route found,No
Druss Van,2 hours,E3OI-U - Mothership Bellicose,UALX-3 - 1st Goonstantinople,"333,000,000","350,000","1,154,650,000",OK,No
Chris Rocko,2 hours,E3OI-U - Mothership Bellicose,UALX-3 - 1st Goonstantinople,"5,000,000",4,"500,000,000",OK,No
Simon Secheh,1 hour,E3OI-U - Mothership Bellicose,UALX-3 - 1st Goonstantinople,"333,000,000","349,968","4,184,334,010",OK,No
Simon Secheh,1 hour,E3OI-U - Mothership Bellicose,UALX-3 - 1st Goonstantinople,"333,000,000","349,935","21,716,600,901",OK,No
Simon Secheh,1 hour,E3OI-U - Mothership Bellicose,UALX-3 - 1st Goonstantinople,"80,000,000","83,750","1,527,310,000",OK,No
Chris Rocko,1 hour,E3OI-U - Mothership Bellicose,UALX-3 - 1st Goonstantinople,"5,000,000","3,113","400,000,000",OK,No
Druss Van,1 hour,E3OI-U - Mothership Bellicose,UALX-3 - 1st Goonstantinople,"325,000,000","348,555","4,981,883,690",OK,No
Druss Van,1 hour,E3OI-U - Mothership Bellicose,UALX-3 - 1st Goonstantinople,"333,000,000","350,000","1,154,000,000",OK,No
Druss Van,1 hour,E3OI-U - Mothership Bellicose,UALX-3 - 1st Goonstantinople,"333,000,000","350,000","2,779,200,000",OK,No
Druss Van,1 hour,E3OI-U - Mothership Bellicose,UALX-3 - 1st Goonstantinople,"333,000,000","350,000","2,861,400,000",OK,No
Druss Van,1 hour,E3OI-U - Mothership Bellicose,UALX-3 - 1st Goonstantinople,"333,000,000","350,000","2,120,250,000",OK,No
Druss Van,36 minutes,E3OI-U - Mothership Bellicose,UALX-3 - 1st Goonstantinople,"92,000,000","96,763","15,147,530,861",OK,No
Druss Van,18 minutes,E3OI-U - Mothership Bellicose,UALX-3 - 1st Goonstantinople,"5,000,000",1,"758,801,608",OK,No
Druss Van,16 minutes,E3OI-U - Mothership Bellicose,UALX-3 - 1st Goonstantinople,"45,000,000","46,496","9,025,674,689",OK,No
Druss Van,14 minutes,E3OI-U - Mothership Bellicose,UALX-3 - 1st Goonstantinople,"249,000,000","261,405","4,670,452,397",OK,No
Druss Van,13 minutes,E3OI-U - Mothership Bellicose,UALX-3 - 1st Goonstantinople,"72,000,000","75,000","711,053,000",OK,No